v1,v2
spam,Free entry in 2 a wkly comp to win FA Cup final tkts 21st May 2005. Text FA to 87121 to receive entry question(std txt rate)T&C's apply 08452810075over18's
spam,"FreeMsg Hey there darling it's been 3 week's now and no word back! I'd like some fun you up for it still? Tb ok! XxX std chgs to send, �1.50 to rcv"
spam,WINNER!! As a valued network customer you have been selected to receivea �900 prize reward! To claim call 09061701461. Claim code KL341. Valid 12 hours only.
spam,Had your mobile 11 months or more? U R entitled to Update to the latest colour mobiles with camera for Free! Call The Mobile Update Co FREE on 08002986030
spam,"SIX chances to win CASH! From 100 to 20,000 pounds txt> CSH11 and send to 87575. Cost 150p/day, 6days, 16+ TsandCs apply Reply HL 4 info"
spam,"URGENT! You have won a 1 week FREE membership in our �100,000 Prize Jackpot! Txt the word: CLAIM to No: 81010 T&C www.dbuk.net LCCLTD POBOX 4403LDNW1A7RW18"
spam,"XXXMobileMovieClub: To use your credit, click the WAP link in the next txt message or click here>> http://wap. xxxmobilemovieclub.com?n=QJKGIGHJJGCBL"
spam,"England v Macedonia - dont miss the goals/team news. Txt ur national team to 87077 eg ENGLAND to 87077 Try:WALES, SCOTLAND 4txt/̼1.20 POBOXox36504W45WQ 16+"
spam,Thanks for your subscription to Ringtone UK your mobile will be charged �5/month Please confirm by replying YES or NO. If you reply NO you will not be charged
spam,07732584351 - Rodger Burns - MSG = We tried to call you re your reply to our sms for a free nokia mobile + free camcorder. Please call now 08000930705 for delivery tomorrow
spam,SMS. ac Sptv: The New Jersey Devils and the Detroit Red Wings play Ice Hockey. Correct or Incorrect? End? Reply END SPTV
spam,"Congrats! 1 year special cinema pass for 2 is yours. call 09061209465 now! C Suprman V, Matrix3, StarWars3, etc all 4 FREE! bx420-ip4-5we. 150pm. Dont miss out! "
spam,"As a valued customer, I am pleased to advise you that following recent review of your Mob No. you are awarded with a �1500 Bonus Prize, call 09066364589"
spam,"Urgent UR awarded a complimentary trip to EuroDisinc Trav, Aco&Entry41 Or �1000. To claim txt DIS to 87121 18+6*�1.50(moreFrmMob. ShrAcomOrSglSuplt)10, LS1 3AJ"
spam,"Did you hear about the new \Divorce Barbie\""? It comes with all of Ken's stuff!"""
spam,Please call our customer service representative on 0800 169 6031 between 10am-9pm as you have WON a guaranteed �1000 cash or �5000 prize!
spam,"Your free ringtone is waiting to be collected. Simply text the password \MIX\"" to 85069 to verify. Get Usher and Britney. FML"
spam,GENT! We are trying to contact you. Last weekends draw shows that you won a �1000 prize GUARANTEED. Call 09064012160. Claim Code K52. Valid 12hrs only. 150ppm
spam,You are a winner U have been specially selected 2 receive �1000 or a 4* holiday (flights inc) speak to a live operator 2 claim 0871277810910p/min (18+) 
spam,PRIVATE! Your 2004 Account Statement for 07742676969 shows 786 unredeemed Bonus Points. To claim call 08719180248 Identifier Code: 45239 Expires
spam,"URGENT! Your Mobile No. was awarded �2000 Bonus Caller Prize on 5/9/03 This is our final try to contact U! Call from Landline 09064019788 BOX42WR29C, 150PPM"
spam,Todays Voda numbers ending 7548 are selected to receive a $350 award. If you have a match please call 08712300220 quoting claim code 4041 standard rates app
spam,Sunshine Quiz Wkly Q! Win a top Sony DVD player if u know which country the Algarve is in? Txt ansr to 82277. �1.50 SP:Tyrone
spam,Want 2 get laid tonight? Want real Dogging locations sent direct 2 ur mob? Join the UK's largest Dogging Network bt Txting GRAVEL to 69888! Nt. ec2a. 31p.msg@150p
spam,You'll not rcv any more msgs from the chat svc. For FREE Hardcore services text GO to: 69988 If u get nothing u must Age Verify with yr network & try again
spam,"FreeMsg Why haven't you replied to my text? I'm Randy, sexy, female and live local. Luv to hear from u. Netcollex Ltd 08700621170150p per msg reply Stop to end"
spam,Customer service annoncement. You have a New Years delivery waiting for you. Please call 07046744435 now to arrange delivery
spam,You are a winner U have been specially selected 2 receive �1000 cash or a 4* holiday (flights inc) speak to a live operator 2 claim 0871277810810
spam,-PLS STOP bootydelious (32/F) is inviting you to be her friend. Reply YES-434 or NO-434 See her: www.SMS.ac/u/bootydelious STOP? Send STOP FRND to 62468
spam,"BangBabes Ur order is on the way. U SHOULD receive a Service Msg 2 download UR content. If U do not, GoTo wap. bangb. tv on UR mobile internet/service menu"
spam,URGENT! We are trying to contact you. Last weekends draw shows that you have won a �900 prize GUARANTEED. Call 09061701939. Claim code S89. Valid 12hrs only
spam,Please call our customer service representative on FREEPHONE 0808 145 4742 between 9am-11pm as you have WON a guaranteed �1000 cash or �5000 prize!
spam,Are you unique enough? Find out from 30th August. www.areyouunique.co.uk
spam,"500 New Mobiles from 2004, MUST GO! Txt: NOKIA to No: 89545 & collect yours today!From ONLY �1 www.4-tc.biz 2optout 087187262701.50gbp/mtmsg18"
spam,"Will u meet ur dream partner soon? Is ur career off 2 a flyng start? 2 find out free, txt HORO followed by ur star sign, e. g. HORO ARIES"
spam,Text & meet someone sexy today. U can find a date or even flirt its up to U. Join 4 just 10p. REPLY with NAME & AGE eg Sam 25. 18 -msg recd@thirtyeight pence
spam,U 447801259231 have a secret admirer who is looking 2 make contact with U-find out who they R*reveal who thinks UR so special-call on 09058094597
spam,Congratulations ur awarded 500 of CD vouchers or 125gift guaranteed & Free entry 2 100 wkly draw txt MUSIC to 87066 TnCs www.Ldew.com1win150ppmx3age16
spam,We tried to contact you re your reply to our offer of a Video Handset? 750 anytime networks mins? UNLIMITED TEXT? Camcorder? Reply or call 08000930705 NOW
spam,Hey I am really horny want to chat or see me naked text hot to 69698 text charged at 150pm to unsubscribe text stop 69698
spam,Ur ringtone service has changed! 25 Free credits! Go to club4mobiles.com to choose content now! Stop? txt CLUB STOP to 87070. 150p/wk Club4 PO Box1146 MK45 2WT
spam,Ringtone Club: Get the UK singles chart on your mobile each week and choose any top quality ringtone! This message is free of charge.
spam,HMV BONUS SPECIAL 500 pounds of genuine HMV vouchers to be won. Just answer 4 easy questions. Play Now! Send HMV to 86688 More info:www.100percent-real.com
spam,T-Mobile customer you may now claim your FREE CAMERA PHONE upgrade & a pay & go sim card for your loyalty. Call on 0845 021 3680.Offer ends 28thFeb.T&C's apply
spam,"SMS. ac Blind Date 4U!: Rodds1 is 21/m from Aberdeen, United Kingdom. Check Him out http://img. sms. ac/W/icmb3cktz8r7!-4 no Blind Dates send HIDE"
spam,"TheMob> Check out our newest selection of content, Games, Tones, Gossip, babes and sport, Keep your mobile fit and funky text WAP to 82468"
spam,"Think ur smart ? Win �200 this week in our weekly quiz, text PLAY to 85222 now!T&Cs WinnersClub PO BOX 84, M26 3UZ. 16+. GBP1.50/week"
spam,December only! Had your mobile 11mths+? You are entitled to update to the latest colour camera mobile for Free! Call The Mobile Update Co FREE on 08002986906
spam,Call Germany for only 1 pence per minute! Call from a fixed line via access number 0844 861 85 85. No prepayment. Direct access!
spam,Valentines Day Special! Win over �1000 in our quiz and take your partner on the trip of a lifetime! Send GO to 83600 now. 150p/msg rcvd. CustCare:08718720201.
spam,Fancy a shag? I do.Interested? sextextuk.com txt XXUK SUZY to 69876. Txts cost 1.50 per msg. TnCs on website. X
spam,Congratulations ur awarded 500 of CD vouchers or 125gift guaranteed & Free entry 2 100 wkly draw txt MUSIC to 87066 TnCs www.Ldew.com1win150ppmx3age16
spam,Ur cash-balance is currently 500 pounds - to maximize ur cash-in now send CASH to 86688 only 150p/msg. CC: 08708800282 HG/Suite342/2Lands Row/W1J6HL
spam,"Update_Now - Xmas Offer! Latest Motorola, SonyEricsson & Nokia & FREE Bluetooth! Double Mins & 1000 Txt on Orange. Call MobileUpd8 on 08000839402 or call2optout/F4Q="
spam,Here is your discount code RP176781. To stop further messages reply stop. www.regalportfolio.co.uk. Customer Services 08717205546
spam,"Thanks for your Ringtone Order, Reference T91. You will be charged GBP 4 per week. You can unsubscribe at anytime by calling customer services on 09057039994"
spam,"Double mins and txts 4 6months FREE Bluetooth on Orange. Available on Sony, Nokia Motorola phones. Call MobileUpd8 on 08000839402 or call2optout/N9DX"
spam,4mths half price Orange line rental & latest camera phones 4 FREE. Had your phone 11mths ? Call MobilesDirect free on 08000938767 to update now! or2stoptxt
spam,"FREE RINGTONE text FIRST to 87131 for a poly or text GET to 87131 for a true tone! Help? 0845 2814032 16 after 1st free, tones are 3x�150pw to e�nd txt stop"
spam,100 dating service cal
spam,FREE entry into our �250 weekly competition just text the word WIN to 80086 NOW. 18 T&C www.txttowin.co.uk
spam,Send a logo 2 ur lover - 2 names joined by a heart. Txt LOVE NAME1 NAME2 MOBNO eg LOVE ADAM EVE 07123456789 to 87077 Yahoo! POBox36504W45WQ TxtNO 4 no ads 150p
spam,Someone has contacted our dating service and entered your phone because they fancy you! To find out who it is call from a landline 09111032124 . PoBox12n146tf150p
spam,URGENT! Your Mobile number has been awarded with a �2000 prize GUARANTEED. Call 09058094455 from land line. Claim 3030. Valid 12hrs only
spam,Congrats! Nokia 3650 video camera phone is your Call 09066382422 Calls cost 150ppm Ave call 3mins vary from mobiles 16+ Close 300603 post BCM4284 Ldn WC1N3XX
spam,"Loan for any purpose �500 - �75,000. Homeowners + Tenants welcome. Have you been previously refused? We can still help. Call Free 0800 1956669 or text back 'help'"
spam,"UpgrdCentre Orange customer, you may now claim your FREE CAMERA PHONE upgrade for your loyalty. Call now on 0207 153 9153. Offer ends 26th July. T&C's apply. Opt-out available"
spam,okmail: Dear Dave this is your final notice to collect your 4* Tenerife Holiday or #5000 CASH award! Call 09061743806 from landline. TCs SAE Box326 CW25WX 150ppm
spam,Want 2 get laid tonight? Want real Dogging locations sent direct 2 ur Mob? Join the UK's largest Dogging Network by txting MOAN to 69888Nyt. ec2a. 31p.msg@150p
spam,"FREE MESSAGE Activate your 500 FREE Text Messages by replying to this message with the word FREE For terms & conditions, visit www.07781482378.com"
spam,"Congrats! 1 year special cinema pass for 2 is yours. call 09061209465 now! C Suprman V, Matrix3, StarWars3, etc all 4 FREE! bx420-ip4-5we. 150pm. Dont miss out!"
spam,+123 Congratulations - in this week's competition draw u have won the �1450 prize to claim just call 09050002311 b4280703. T&Cs/stop SMS 08718727868. Over 18 only 150ppm
spam,"You are guaranteed the latest Nokia Phone, a 40GB iPod MP3 player or a �500 prize! Txt word: COLLECT to No: 83355! IBHltd LdnW15H 150p/Mtmsgrcvd18+"
spam,Boltblue tones for 150p Reply POLY# or MONO# eg POLY3 1. Cha Cha Slide 2. Yeah 3. Slow Jamz 6. Toxic 8. Come With Me or STOP 4 more tones txt MORE
spam,Your credits have been topped up for http://www.bubbletext.com Your renewal Pin is tgxxrz
spam,"URGENT!: Your Mobile No. was awarded a �2,000 Bonus Caller Prize on 02/09/03! This is our 2nd attempt to contact YOU! Call 0871-872-9755 BOX95QU"
spam,"Today's Offer! Claim ur �150 worth of discount vouchers! Text YES to 85023 now! SavaMob, member offers mobile! T Cs 08717898035. �3.00 Sub. 16 . Unsub reply X"
spam,You will recieve your tone within the next 24hrs. For Terms and conditions please see Channel U Teletext Pg 750
spam,PRIVATE! Your 2003 Account Statement for 07815296484 shows 800 un-redeemed S.I.M. points. Call 08718738001 Identifier Code 41782 Expires 18/11/04 
spam,from www.Applausestore.com MonthlySubscription@50p/msg max6/month T&CsC web age16 2stop txt stop
spam,GENT! We are trying to contact you. Last weekends draw shows that you won a �1000 prize GUARANTEED. Call 09064012160. Claim Code K52. Valid 12hrs only. 150ppm 
spam,"You have won ?1,000 cash or a ?2,000 prize! To claim, call09050000327"
spam,"our mobile number has won �5000, to claim calls us back or ring the claims hot line on 09050005321."
spam,We tried to contact you re your reply to our offer of 750 mins 150 textand a new video phone call 08002988890 now or reply for free delivery tomorrow
spam,"For ur chance to win a �250 wkly shopping spree TXT: SHOP to 80878. T's&C's www.txt-2-shop.com custcare 08715705022, 1x150p/wk"
spam,You have been specially selected to receive a 2000 pound award! Call 08712402050 BEFORE the lines close. Cost 10ppm. 16+. T&Cs apply. AG Promo
spam,PRIVATE! Your 2003 Account Statement for 07753741225 shows 800 un-redeemed S. I. M. points. Call 08715203677 Identifier Code: 42478 Expires 24/10/04
spam,You have an important customer service announcement. Call FREEPHONE 0800 542 0825 now!
spam,XCLUSIVE@CLUBSAISAI 2MOROW 28/5 SOIREE SPECIALE ZOUK WITH NICHOLS FROM PARIS.FREE ROSES 2 ALL LADIES !!! info: 07946746291/07880867867 
spam,22 days to kick off! For Euro2004 U will be kept up to date with the latest news and results daily. To be removed send GET TXT STOP to 83222
spam,New TEXTBUDDY Chat 2 horny guys in ur area 4 just 25p Free 2 receive Search postcode or at gaytextbuddy.com. TXT ONE name to 89693
spam,Todays Vodafone numbers ending with 4882 are selected to a receive a �350 award. If your number matches call 09064019014 to receive your �350 award.
spam,"Dear Voucher Holder, 2 claim this weeks offer, at your PC go to http://www.e-tlp.co.uk/expressoffer Ts&Cs apply.2 stop texts txt STOP to 80062."
spam,PRIVATE! Your 2003 Account Statement for shows 800 un-redeemed S. I. M. points. Call 08715203694 Identifier Code: 40533 Expires 31/10/04
spam,"You have won ?1,000 cash or a ?2,000 prize! To claim, call09050000327. T&C: RSTM, SW7 3SS. 150ppm"
spam,88800 and 89034 are premium phone services call 08718711108
spam,SMS. ac sun0819 posts HELLO:\You seem cool
spam,Get ur 1st RINGTONE FREE NOW! Reply to this msg with TONE. Gr8 TOP 20 tones to your phone every week just �1.50 per wk 2 opt out send STOP 08452810071 16
spam,Hi I'm sue. I am 20 years old and work as a lapdancer. I love sex. Text me live - I'm i my bedroom now. text SUE to 89555. By TextOperator G2 1DA 150ppmsg 18+
spam,<Forwarded from 448712404000>Please CALL 08712404000 immediately as there is an urgent message waiting for you.
spam,"To review and KEEP the fantastic Nokia N-Gage game deck with Club Nokia, go 2 www.cnupdates.com/newsletter. unsubscribe from alerts reply with the word OUT"
spam,4mths half price Orange line rental & latest camera phones 4 FREE. Had your phone 11mths+? Call MobilesDirect free on 08000938767 to update now! or2stoptxt T&Cs
spam,08714712388 between 10am-7pm Cost 10p
spam,+449071512431 URGENT! This is the 2nd attempt to contact U!U have WON �1250 CALL 09071512433 b4 050703 T&CsBCM4235WC1N3XX. callcost 150ppm mobilesvary. max�7. 50
spam,You have WON a guaranteed �1000 cash or a �2000 prize. To claim yr prize call our customer service representative on 08714712394 between 10am-7pm
spam,Email AlertFrom: Jeri StewartSize: 2KBSubject: Low-cost prescripiton drvgsTo listen to email call 123
spam,Hi. Customer Loyalty Offer:The NEW Nokia6650 Mobile from ONLY �10 at TXTAUCTION! Txt word: START to No: 81151 & get yours Now! 4T&Ctxt TC 150p/MTmsg
spam,U are subscribed to the best Mobile Content Service in the UK for �3 per 10 days until you send STOP to 82324. Helpline 08706091795
spam,"Do you realize that in about 40 years, we'll have thousands of old ladies running around with tattoos?"
spam,You have an important customer service announcement from PREMIER.
spam,"Romantic Paris. 2 nights, 2 flights from �79 Book now 4 next year. Call 08704439680Ts&Cs apply."
spam,Urgent Ur �500 guaranteed award is still unclaimed! Call 09066368327 NOW closingdate04/09/02 claimcode M39M51 �1.50pmmorefrommobile2Bremoved-MobyPOBox734LS27YF
spam,UR awarded a City Break and could WIN a �200 Summer Shopping spree every WK. Txt STORE to 88039 . SkilGme. TsCs087147403231Winawk!Age16 �1.50perWKsub
spam,You have an important customer service announcement from PREMIER. Call FREEPHONE 0800 542 0578 now!
spam,Ever thought about living a good life with a perfect partner? Just txt back NAME and AGE to join the mobile community. (100p/SMS)
spam,"5 Free Top Polyphonic Tones call 087018728737, National Rate. Get a toppoly tune sent every week, just text SUBPOLY to 81618, �3 per pole. UnSub 08718727870."
spam,"Orange customer, you may now claim your FREE CAMERA PHONE upgrade for your loyalty. Call now on 0207 153 9996. Offer ends 14thMarch. T&C's apply. Opt-out availa"
spam,"Last Chance! Claim ur �150 worth of discount vouchers today! Text SHOP to 85023 now! SavaMob, offers mobile! T Cs SavaMob POBOX84, M263UZ. �3.00 Sub. 16"
spam,FREE for 1st week! No1 Nokia tone 4 ur mobile every week just txt NOKIA to 8077 Get txting and tell ur mates. www.getzed.co.uk POBox 36504 W45WQ 16+ norm150p/tone
spam,You have won a guaranteed �200 award or even �1000 cashto claim UR award call free on 08000407165 (18+) 2 stop getstop on 88222 PHP. RG21 4JX
spam,Congratulations ur awarded either �500 of CD gift vouchers & Free entry 2 our �100 weekly draw txt MUSIC to 87066 TnCs www.Ldew.com1win150ppmx3age16
spam,"U were outbid by simonwatson5120 on the Shinco DVD Plyr. 2 bid again, visit sms. ac/smsrewards 2 end bid notifications, reply END OUT"
spam,"SMSSERVICES. for yourinclusive text credits, pls goto www.comuk.net login= 3qxj9 unsubscribe with STOP, no extra charge. help 08702840625.COMUK. 220-CM2 9AE"
spam,25p 4 alfie Moon's Children in need song on ur mob. Tell ur m8s. Txt Tone charity to 8007 for Nokias or Poly charity for polys: zed 08701417012 profit 2 charity.
spam,U have a secret admirer. REVEAL who thinks U R So special. Call 09065174042. To opt out Reply REVEAL STOP. 1.50 per msg recd. Cust care 07821230901
spam,"Dear Voucher Holder, To claim this weeks offer, at you PC please go to http://www.e-tlp.co.uk/expressoffer Ts&Cs apply. To stop texts, txt STOP to 80062"
spam,Do you want 750 anytime any network mins 150 text and a NEW VIDEO phone for only five pounds per week call 08002888812 or reply for delivery tomorrow
spam,We tried to contact you re our offer of New Video Phone 750 anytime any network mins HALF PRICE Rental camcorder call 08000930705 or reply for delivery Wed
spam,Last chance 2 claim ur �150 worth of discount vouchers-Text YES to 85023 now!SavaMob-member offers mobile T Cs 08717898035. �3.00 Sub. 16 . Remove txt X or STOP
spam,"Urgent! call 09066350750 from your landline. Your complimentary 4* Ibiza Holiday or 10,000 cash await collection SAE T&Cs PO BOX 434 SK3 8WP 150 ppm 18+ "
spam,"Today's Offer! Claim ur �150 worth of discount vouchers! Text YES to 85023 now! SavaMob, member offers mobile! T Cs 08717898035. �3.00 Sub. 16 . Unsub reply X"
spam,Talk sexy!! Make new friends or fall in love in the worlds most discreet text dating service. Just text VIP to 83110 and see who you could meet.
spam,Congratulations ur awarded either a yrs supply of CDs from Virgin Records or a Mystery Gift GUARANTEED Call 09061104283 Ts&Cs www.smsco.net �1.50pm approx 3mins
spam,PRIVATE! Your 2003 Account Statement for 07808 XXXXXX shows 800 un-redeemed S. I. M. points. Call 08719899217 Identifier Code: 41685 Expires 07/11/04
spam,Hello. We need some posh birds and chaps to user trial prods for champneys. Can i put you down? I need your address and dob asap. Ta r
spam,What do U want for Xmas? How about 100 free text messages & a new video phone with half price line rental? Call free now on 0800 0721072 to find out more!
spam,"Shop till u Drop, IS IT YOU, either 10K, 5K, �500 Cash or �100 Travel voucher, Call now, 09064011000. NTT PO Box CR01327BT fixedline Cost 150ppm mobile vary"
spam,Sunshine Quiz Wkly Q! Win a top Sony DVD player if u know which country Liverpool played in mid week? Txt ansr to 82277. �1.50 SP:Tyrone
spam,U have a secret admirer who is looking 2 make contact with U-find out who they R*reveal who thinks UR so special-call on 09058094565
spam,U have a Secret Admirer who is looking 2 make contact with U-find out who they R*reveal who thinks UR so special-call on 09065171142-stopsms-08
spam,Reminder: You have not downloaded the content you have already paid for. Goto http://doit. mymoby. tv/ to collect your content.
spam,"Your free ringtone is waiting to be collected. Simply text the password \MIX\"" to 85069 to verify. Get Usher and Britney. FML"
spam,"all the lastest from Stereophonics, Marley, Dizzee Racal, Libertines and The Strokes! Win Nookii games with Flirt!! Click TheMob WAP Bookmark or text WAP to 82468"
spam,"January Male Sale! Hot Gay chat now cheaper, call 08709222922. National rate from 1.5p/min cheap to 7.8p/min peak! To stop texts call 08712460324 (10p/min)"
spam,money!!! you r a lucky winner ! 2 claim your prize text money 2 88600 over �1million to give away ! ppt150x3+normal text rate box403 w1t1jy
spam,"Dear Matthew please call 09063440451 from a landline, your complimentary 4*Lux Tenerife holiday or �1000 CASH await collection. ppm150 SAE T&Cs Box334 SK38XH."
spam,"Urgent! call 09061749602 from Landline. Your complimentary 4* Tenerife Holiday or �10,000 cash await collection SAE T&Cs BOX 528 HP20 1YF 150ppm 18+"
spam,How about getting in touch with folks waiting for company? Just txt back your NAME and AGE to opt in! Enjoy the community (150p/SMS)
spam,Ur cash-balance is currently 500 pounds - to maximize ur cash-in now send GO to 86688 only 150p/msg. CC: 08718720201 PO BOX 114/14 TCR/W1
spam,Filthy stories and GIRLS waiting for your
spam,URGENT! We are trying to contact U. Todays draw shows that you have won a �800 prize GUARANTEED. Call 09050001808 from land line. Claim M95. Valid12hrs only
ham,I'm in town now so i'll jus take mrt down later.
ham,I just cooked a rather nice salmon a la you
ham,I uploaded mine to Facebook
ham,WHAT TIME U WRKIN?
ham,Okie
ham,"Sorry, I'll call later"
ham,Oh oh... Den muz change plan liao... Go back have to yan jiu again...
ham,"It's wylie, you in tampa or sarasota?"
ham,Ok... Take ur time n enjoy ur dinner...
ham,Darren was saying dat if u meeting da ge den we dun meet 4 dinner. Cos later u leave xy will feel awkward. Den u meet him 4 lunch lor.
ham,I like cheap! But i���m happy to splash out on the wine if it makes you feel better..
ham,She.s fine. I have had difficulties with her phone. It works with mine. Can you pls send her another friend request.
ham,Ugh my leg hurts. Musta overdid it on mon.
ham,WOT STUDENT DISCOUNT CAN U GET ON BOOKS?
ham,Me fine..absolutly fine
ham,How come she can get it? Should b quite diff to guess rite...
ham,I will reach ur home in  &lt
ham,"Babe, I'm answering you, can't you see me ? Maybe you'd better reboot YM ... I got the photo ... It's great !"
ham,Hi.what you think about match?
ham,"I know you are thinkin malaria. But relax, children cant handle malaria. She would have been worse and its gastroenteritis. If she takes enough to replace her loss her temp will reduce. And if you give her malaria meds now she will just vomit. Its a self limiting illness she has which means in a few days it will completely stop"
ham,Dai i downloaded but there is only exe file which i can only run that exe after installing.
ham,It is only yesterday true true.
ham,K.k.how is your business now?
ham,3 pa but not selected.
ham,I keep ten rs in my shelf:) buy two egg.
ham,I am late. I will be there at
ham,Well thats nice. Too bad i cant eat it
ham,I accidentally brought em home in the box
ham,Pls she needs to dat slowly or she will vomit more.
ham,I have to take exam with in march 3
ham,"Jane babes not goin 2 wrk, feel ill after lst nite. Foned in already cover 4 me chuck.:-)"
ham,5 nights...We nt staying at port step liao...Too ex
ham,If I die I want u to have all my stuffs.
ham,"\OH FUCK. JUSWOKE UP IN A BED ON A BOATIN THE DOCKS. SLEPT WID 25 YEAR OLD. SPINOUT! GIV U DA GOSSIP L8R. XXX\"""""
ham,Smile in Pleasure Smile in Pain Smile when trouble pours like Rain Smile when sum1 Hurts U Smile becoz SOMEONE still Loves to see u Smiling!!
ham,Prabha..i'm soryda..realy..frm heart i'm sory
ham,I re-met alex nichols from middle school and it turns out he's dealing!
ham,It means u could not keep ur words.
ham,"Nope, I'm still in the market"
ham,I realise you are a busy guy and i'm trying not to be a bother. I have to get some exams outta the way and then try the cars. Do have a gr8 day
ham,Hey what how about your project. Started aha da.
ham,Ok cool. See ya then.
ham,Am on the uworld site. Am i buying the qbank only or am i buying it with the self assessment also?
ham,Your opinion about me? 1. Over 2. Jada 3. Kusruthi 4. Lovable 5. Silent 6. Spl character 7. Not matured 8. Stylish 9. Simple Pls reply..
ham,Yeah I can still give you a ride
ham,"Jay wants to work out first, how's 4 sound?"
ham,"Gud gud..k, chikku tke care.. sleep well gud nyt"
ham,Its a part of checking IQ
ham,Hmm thinking lor...
ham,Of course ! Don't tease me ... You know I simply must see ! *grins* ... Do keep me posted my prey ... *loving smile* *devouring kiss*
ham,thanks for the temales it was wonderful. Thank. Have a great week.
ham,Thank you princess! I want to see your nice juicy booty...
ham,Haven't eaten all day. I'm sitting here staring at this juicy pizza and I can't eat it. These meds are ruining my life.
ham,Gud ni8 dear..slp well..take care..swt dreams..Muah..
ham,U come n search tat vid..not finishd..
ham,"K I'm leaving soon, be there a little after 9"
ham,"Yeah work is fine, started last week, all the same stuff as before, dull but easy and guys are fun!"
ham,You do your studies alone without anyones help. If you cant no need to study.
ham,Please tell me not all of my car keys are in your purse
ham,I didnt get anything da
ham,Ok... Sweet dreams...
ham,Well she's in for a big surprise!
ham,"As usual..iam fine, happy &amp; doing well..:)"
ham,1 in cbe. 2 in chennai.
ham,Can help u swoop by picking u up from wherever ur other birds r meeting if u want.
ham,If anyone calls for a treadmill say you'll buy it. Make sure its working. I found an ad on Craigslist selling for $ &lt
ham,I absolutely LOVE South Park! I only recently started watching the office.
ham,Did you see that film:)
ham,Pls speak with me. I wont ask anything other then you friendship.
ham,"Storming msg: Wen u lift d phne, u say \HELLO\"" Do u knw wt is d real meaning of HELLO?? . . . It's d name of a girl..! . . . Yes.. And u knw who is dat girl?? \""Margaret Hello\"" She is d girlfrnd f Grahmbell who invnted telphone... . . . . Moral:One can 4get d name of a person"
ham,Gud ni8.swt drms.take care
ham,HI DARLIN ITS KATE ARE U UP FOR DOIN SOMETHIN TONIGHT? IM GOING TO A PUB CALLED THE SWAN OR SOMETHING WITH MY PARENTS FOR ONE DRINK SO PHONE ME IF U CAN
ham,Anything lar then �_ not going home 4 dinner?
ham,\ER
ham,Did u fix the teeth?if not do it asap.ok take care.
ham,So u wan 2 come for our dinner tonight a not?
ham,"Hello.How u doing?What u been up 2?When will u b moving out of the flat, cos I will need to arrange to pick up the lamp, etc. Take care. Hello caroline!"
ham,Its too late:)but its k.wish you the same.
ham,"Hi. Hope ur day * good! Back from walk, table booked for half eight. Let me know when ur coming over."
ham,Oh yeah clearly it's my fault
ham,Dunno leh cant remember mayb lor. So wat time r we meeting tmr?
ham,"Best msg: It's hard to be with a person, when u know that one more step foward will make u fall in love.. &amp; One step back can ruin ur friendship.. good night:-) ..."
ham,"Helloooo... Wake up..! \Sweet\"" \""morning\"" \""welcomes\"" \""You\"" \""Enjoy\"" \""This Day\"" \""with full of joy\"".. \""GUD MRNG\""."""
ham,"Vikky, come around  &lt;TIME&gt; .."
ham,"And how you will do that, princess? :)"
ham,I have gone into get info bt dont know what to do
ham,"Yeah, probably here for a while"
ham,Sent me ur email id soon
ham,I'm still pretty weak today .. Bad day ?
ham,Hey ! Don't forget ... You are MINE ... For ME ... My possession ... MY property ... MMM ... *childish smile* ...
ham,An excellent thought by a misundrstud frnd: I knw u hate me bt the day wen u'll knw the truth u'll hate urself:-( Gn:-)
ham,Hey! Congrats 2u2. id luv 2 but ive had 2 go home!
ham,Dear where you. Call me
ham,Xy trying smth now. U eat already? We havent...
ham,I donno its in your genes or something
ham,Alex says he's not ok with you not being ok with it
ham,Are u coming to the funeral home
ham,My darling sister. How are you doing. When's school resuming. Is there a minimum wait period before you reapply? Do take care
ham,I.ll hand her my phone to chat wit u
ham,Well good morning mr . Hows london treatin' ya treacle?
ham,I can't make it tonight
ham,At WHAT TIME should i come tomorrow
ham,About  &lt
ham,"I can. But it will tell quite long, cos i haven't finish my film yet..."
ham,Pls ask macho how much is budget for bb bold 2 is cos i saw a new one for  &lt
ham,"\Hi missed your Call and my mumHas beendropping red wine all over theplace! what is your adress?\"""""
ham,Ill be at yours in about 3 mins but look out for me
ham,What you did in  leave.
ham,I'm coming back on Thursday. Yay. Is it gonna be ok to get the money. Cheers. Oh yeah and how are you. Everything alright. Hows school. Or do you call it work now
ham,"Jolly good! By the way,  will give u tickets for sat eve 7.30. Speak before then x"
ham,"yeah, that's what I was thinking"
ham,K.k:)i'm going to tirunelvali this week to see my uncle ..i already spend the amount by taking dress .so only i want money.i will give it on feb 1
ham,Here got ur favorite oyster... N got my favorite sashimi... Ok lar i dun say already... Wait ur stomach start rumbling...
ham,My sister going to earn more than me da.
ham,Hahaha..use your brain dear
ham,Jus finish watching tv... U?
ham,"K, fyi I'm back in my parents' place in south tampa so I might need to do the deal somewhere else"
ham,"Good morning, my Love ... I go to sleep now and wish you a great day full of feeling better and opportunity ... You are my last thought babe, I LOVE YOU *kiss*"
ham,Kothi print out marandratha.
ham,But we havent got da topic yet rite?
ham,Ok no problem... Yup i'm going to sch at 4 if i rem correctly...
ham,"Thanks, I'll keep that in mind"
ham,Aah bless! How's your arm?
ham,"Dear Sir,Salam Alaikkum.Pride and Pleasure meeting you today at the Tea Shop.We are pleased to send you our contact number at Qatar.Rakhesh an Indian.Pls save our Number.Respectful Regards."
ham,"Gal n boy walking in d park. gal-can i hold ur hand? boy-y? do u think i would run away? gal-no, jst wana c how it feels walking in heaven with an prince..GN:-)"
ham,What makes you most happy?
ham,Wishing you a wonderful week.
ham,Sweet heart how are you?
ham,"Sir, waiting for your letter."
ham,Dude im no longer a pisces. Im an aquarius now.
ham,X course it 2yrs. Just so her messages on messenger lik you r sending me
ham,I think steyn surely get one wicket:)
ham,"Neither [in sterm voice] - i'm studying. All fine with me! Not sure the  thing will be resolved, tho. Anyway. Have a fab hols"
ham,"Garbage bags, eggs, jam, bread, hannaford wheat chex"
ham,No. It's not pride. I'm almost  &lt
ham,Sounds better than my evening im just doing my costume. Im not sure what time i finish tomorrow but i will txt you at the end.
ham,My birthday is on feb  &lt
ham,So when do you wanna gym?
ham,You'd like that wouldn't you? Jerk!
ham,Are u awake? Is there snow there?
ham,And of course you should make a stink!
ham,No go. No openings for that room 'til after thanksgiving without an upcharge.
ham,When you guys planning on coming over?
ham,Wat �_ doing now?
ham,"My Parents, My Kidz, My Friends n My Colleagues. All screaming.. SURPRISE !! and I was waiting on the sofa.. ... ..... ' NAKED...!"
ham,No sir. That's why i had an 8-hr trip on the bus last week. Have another audition next wednesday but i think i might drive this time.
ham,Do I? I thought I put it back in the box
ham,I'm home...
ham,No one interested. May be some business plan.
ham,Yup it's at paragon... I havent decided whether 2 cut yet... Hee...
ham,Good morning princess! Have a great day!
ham,Guai... �� shd haf seen him when he's naughty... �� so free today? Can go jogging...
ham,Aiyo cos i sms �_ then �_ neva reply so i wait 4 �_ to reply lar. I tot �_ havent finish ur lab wat.
ham,"Living is very simple.. Loving is also simple.. Laughing is too simple.. Winning is tooo simple.. But, Being 'SIMPLE' is very difficult...;-) :-)"
ham,Tell me something. Thats okay.
ham,Ok
ham,Hmm. Shall i bring a bottle of wine to keep us amused? Just joking! I'll still bring a bottle. Red or white? See you tomorrow
ham,This is ur face test ( 1 2 3 4 5 6 7 8 9  &lt
ham,"Hey, iouri gave me your number, I'm wylie, ryan's friend"
ham,Yep get with the program. You're slacking.
ham,I'm in inside office..still filling forms.don know when they leave me.
ham,"I think your mentor is , but not 100 percent sure."
ham,Just trying to figure out when I'm suppose to see a couple different people this week. We said we'd get together but I didn't set dates
ham,Hi mom we might be back later than  &lt
ham,"Lol, oh you got a friend for the dog ?"
ham,"Ok., is any problem to u frm him? Wats matter?"
ham,"K I'll head out in a few mins, see you there"
ham,Do u konw waht is rael FRIENDSHIP Im gving yuo an exmpel: Jsut ese tihs msg.. Evrey splleing of tihs msg is wrnog.. Bt sitll yuo can raed it wihtuot ayn mitsake.. GOODNIGHT &amp
ham,I cant pick the phone right now. Pls send a message
ham,I don't want you to leave. But i'm barely doing what i can to stay sane. fighting with you constantly isn't helping.
ham,Somebody set up a website where you can play hold em using eve online spacebucks
ham,Its sunny in california. The weather's just cool
ham,"I can make it up there, squeezed  &lt;#&gt;  bucks out of my dad"
ham,Good day to You too.Pray for me.Remove the teeth as its painful maintaining other stuff.
ham,How are you babes. Hope your doing ok. I had a shit nights sleep. I fell asleep at 5.I��m knackered and i��m dreading work tonight. What are thou upto tonight. X
ham,How do friends help us in problems? They give the most stupid suggestion that Lands us into another problem and helps us forgt the previous problem
ham,I'm at work. Please call
ham,I will be gentle baby! Soon you will be taking all  &lt
ham,NOT MUCH NO FIGHTS. IT WAS A GOOD NITE!!
ham,Ok.ok ok..then..whats ur todays plan
ham,Nt joking seriously i told
ham,Watching ajith film ah?
ham,Ooooooh I forgot to tell u I can get on yoville on my phone
ham,"All done, all handed in. Don't know if mega shop in asda counts as celebration but thats what i'm doing!"
ham,I dont know exactly could you ask chechi.
ham,Dunno lei shd b driving lor cos i go sch 1 hr oni.
ham,As in i want custom officer discount oh.
ham,That's necessarily respectful
ham,Hi. Hope you had a good day. Have a better night.
ham,And he's apparently bffs with carly quick now
ham,HARD BUT TRUE: How much you show &amp
ham,Babes I think I got ur brolly I left it in English wil bring it in 2mrw 4 u luv Franxx
ham,Hi babe its me thanks for coming even though it didnt go that well!i just wanted my bed! Hope to see you soon love and kisses xxx
ham,So gd got free ice cream... I oso wan...
ham,Pls give her prometazine syrup. 5mls then  &lt
ham,So how many days since then?
ham,Dear are you angry i was busy dear
ham,Yup he msg me: is tat yijue? Then i tot it's my group mate cos we meeting today mah... I'm askin if �_ leaving earlier or wat mah cos mayb �_ haf to walk v far...
ham,... Are you in the pub?
ham,There is a first time for everything :)
ham,"Daddy, shu shu is looking 4 u... U wan me 2 tell him u're not in singapore or wat?"
ham,I ask if u meeting da ge tmr nite...
ham,Gr8. So how do you handle the victoria island traffic. Plus when's the album due
ham,Nite nite pocay wocay luv u more than n e thing 4eva I promise ring u 2morrowxxxx
ham,East coast
ham,You should get more chicken broth if you want ramen unless there's some I don't know about
ham,My slave! I want you to take 2 or 3 pictures of yourself today in bright light on your cell phone! Bright light!
ham,Nope. I just forgot. Will show next week
ham,So how are you really. What are you up to. How's the masters. And so on.
ham,I'm at bruce &amp
ham,I dont know oh. Hopefully this month.
ham,"Hi elaine, is today's meeting confirmed?"
ham,Ok k..sry i knw 2 siva..tats y i askd..
ham,"Sorry, I'll call later"
ham,U horrible gal... U knew dat i was going out wif him yest n u still come n ask me...
ham,Otherwise had part time job na-tuition..
ham,Oh yeah! And my diet just flew out the window
spam,Santa Calling! Would your little ones like a call from Santa Xmas eve? Call 09058094583 to book your time.
ham,You didnt complete your gist oh.
ham,"Er yeah, i will b there at 15:26, sorry! Just tell me which pub/cafe to sit in and come wen u can"
ham,"If you can make it any time tonight or whenever you can it's cool, just text me whenever you're around"
ham,If I was I wasn't paying attention
ham,Thanx a lot 4 ur help!
ham,You're gonna have to be way more specific than that
ham,Jesus armand really is trying to tell everybody he can find
ham,I'm wif him now buying tix lar...
ham,Mode men or have you left.
ham,Am slow in using biola's fne
ham,"\What are youdoing later? Sar xxx\"""""
ham,Hey i've booked the 2 lessons on sun liao...
ham,Thank you. do you generally date the brothas?
ham,"By the way, make sure u get train to worc foregate street not shrub hill. Have fun night x"
ham,"I thought i'd get him a watch, just cos thats the kind of thing u get4an18th. And he loves so much!"
spam,You have won a guaranteed 32000 award or maybe even �1000 cash to claim ur award call free on 0800 ..... (18+). Its a legitimat efreefone number wat do u think???
ham,Good morning. At the repair shop--the ONLY reason i'm up at this hour.
ham,"And that's fine, I got enough bud to last most of the night at least"
ham,I am back. Good journey! Let me know if you need any of the receipts. Shall i tell you like the pendent?
ham,So that takes away some money worries
ham,"aight we can pick some up, you open before tonight?"
spam,"Latest News! Police station toilet stolen, cops have nothing to go on!"
ham,Sac needs to carry on:)
ham,Just sing HU. I think its also important to find someone female that know the place well preferably a citizen that is also smart to help you navigate through. Even things like choosing a phone plan require guidance. When in doubt ask especially girls.
ham,What???? Hello wats talks email address?
ham,Except theres a chick with huge boobs.
ham,Im just wondering what your doing right now?
ham,Wishing you a beautiful day. Each moment revealing even more things to keep you smiling. Do enjoy it.
spam,"\For the most sparkling shopping breaks from 45 per person; call 0121 2025050 or visit www.shortbreaks.org.uk\"""""
ham,Arun can u transfr me d amt
ham,"Sorry, I'll call later"
ham,If you hear a loud scream in about &lt
spam,December only! Had your mobile 11mths+? You are entitled to update to the latest colour camera mobile for Free! Call The Mobile Update Co FREE on 08002986906
ham,Ok i thk i got it. Then u wan me 2 come now or wat?
spam,Txt: CALL to No: 86888 & claim your reward of 3 hours talk time to use from your phone now! Subscribe6GBP/mnth inc 3hrs 16 stop?txtStop www.gamb.tv
ham,U GOIN OUT 2NITE?
ham,I will treasure every moment we spend together...
ham,Shall I bring us a bottle of wine to keep us amused? Only joking! I���ll bring one anyway
spam,http//tms. widelive.com/index. wml?id=820554ad0a1705572711&first=true��C C Ringtone��
spam,Get your garden ready for summer with a FREE selection of summer bulbs and seeds worth �33:50 only with The Scotsman this Saturday. To stop go2 notxt.co.uk
spam,"URGENT! Last weekend's draw shows that you have won �1000 cash or a Spanish holiday! CALL NOW 09050000332 to claim. T&C: RSTM, SW7 3SS. 150ppm"
ham,Ok lor.
ham,I thought slide is enough.
ham,Yup
ham,Well obviously not because all the people in my cool college life went home 
ham,Ok lor �_ reaching then message me.
ham,Where's mummy's boy ? Is he being good or bad ? Is he being positive or negative ? Why is mummy being made to wait? Hmmmm?
ham,Dhoni have luck to win some big title.so we will win:)
ham,Yes princess! I want to please you every night. Your wish is my command...
ham,What Today-sunday..sunday is holiday..so no work..
ham,No probably  &lt
ham,Really do hope the work doesnt get stressful. Have a gr8 day.
ham,Have you seen who's back at Holby?!
ham,Shall call now dear having food
spam,URGENT We are trying to contact you Last weekends draw shows u have won a �1000 prize GUARANTEED Call 09064017295 Claim code K52 Valid 12hrs 150p pm
ham,So li hai... Me bored now da lecturer repeating last weeks stuff waste time... 
ham,", ,  and  picking them up from various points | going 2 yeovil | and they will do the motor project 4 3 hours | and then u take them home. || 12 2 5.30 max. || Very easy"
ham,Also fuck you and your family for going to rhode island or wherever the fuck and leaving me all alone the week I have a new bong &gt
ham,Ofcourse I also upload some songs
spam,2p per min to call Germany 08448350055 from your BT line. Just 2p per min. Check PlanetTalkInstant.com for info & T's & C's. Text stop to opt out
ham,K. I will sent it again
ham,Oh thanks a lot..i already bought 2 eggs ..
ham,K. I will sent it again
ham,U studying in sch or going home? Anyway i'll b going 2 sch later.
spam,Marvel Mobile Play the official Ultimate Spider-man game (�4.50) on ur mobile right now. Text SPIDER to 83338 for the game & we ll send u a FREE 8Ball wallpaper
ham,I think if he rule tamilnadu..then its very tough for our people.
ham,"Cool, we shall go and see, have to go to tip anyway. Are you at home, got something to drop in later? So lets go to town tonight! Maybe mum can take us in."
ham,"Good afternoon, my love ... How goes your day ? How did you sleep ? I hope your well, my boytoy ... I think of you ..."
ham,Yes... I trust u to buy new stuff ASAP so I can try it out
spam,"SMS SERVICES. for your inclusive text credits, pls goto www.comuk.net login= 3qxj9 unsubscribe with STOP, no extra charge. help 08702840625.COMUK. 220-CM2 9AE"
ham,Why did I wake up on my own &gt
ham,Now get step 2 outta the way. Congrats again.
ham,Love has one law
spam,PRIVATE! Your 2003 Account Statement for 07808247860 shows 800 un-redeemed S. I. M. points. Call 08719899229 Identifier Code: 40411 Expires 06/11/04
ham,Apo all other are mokka players only
ham,"Perhaps * is much easy give your account identification, so i will tomorrow at UNI"
ham,Wait . I will msg after  &lt
ham,What i told before i tell. Stupid hear after i wont tell anything to you. You dad called to my brother and spoken. Not with me.
ham,God's love has no limit. God's grace has no measure. God's power has no boundaries. May u have God's endless blessings always in ur life...!! Gud ni8
ham,I want to be inside you every night...
ham,"Machan you go to gym tomorrow,  i wil come late goodnight."
ham,Lol they were mad at first but then they woke up and gave in.
ham,I went to project centre
ham,"It���s reassuring, in this crazy world."
ham,"Just making dinner, you ?"
ham,Yes. Please leave at  &lt
ham,Oh... Okie lor...We go on sat... 
ham,You are a great role model. You are giving so much and i really wish each day for a miracle but God as a reason for everything and i must say i wish i knew why but i dont. I've looked up to you since i was young and i still do. Have a great day.
ham,"Ya, i'm referin to mei's ex wat... No ah, waitin 4 u to treat, somebody shld b rich liao...So gd, den u dun have to work frm tmr onwards..."
ham,Miles and smiles r made frm same letters but do u know d difference..? smile on ur face keeps me happy even though I am miles away from u.. :-)keep smiling.. Good nyt
ham,"By the way, i've put a skip right outside the front of the house so you can see which house it is. Just pull up before it."
ham,Can you pls send me that company name. In saibaba colany
ham,No. I dont want to hear anything
ham,You are a big chic. Common. Declare
ham,Thats cool. I want to please you...
ham,Going to join tomorrow.
spam,You are awarded a SiPix Digital Camera! call 09061221061 from landline. Delivery within 28days. T Cs Box177. M221BP. 2yr warranty. 150ppm. 16 . p p�3.99
ham,I want to tell you how bad I feel that basically the only times I text you lately are when I need drugs
spam,PRIVATE! Your 2003 Account Statement for shows 800 un-redeemed S.I.M. points. Call 08718738001 Identifier Code: 49557 Expires 26/11/04
ham,"Total disappointment, when I texted you was the craziest shit got :("
ham,Its just the effect of irritation. Just ignore it
ham,What about this one then.
ham,I think that tantrum's finished so yeah I'll be by at some point
ham,Compliments to you. Was away from the system. How your side.
ham,happened here while you were adventuring
ham,"Hey chief, can you give me a bell when you get this. Need to talk to you about this royal visit on the 1st june. "
ham,Ok which your another number
ham,"I know you are thinkin malaria. But relax, children cant handle malaria. She would have been worse and its gastroenteritis. If she takes enough to replace her loss her temp will reduce. And if you give her malaria meds now she will just vomit. Its a self limiting illness she has which means in a few days it will completely stop"
ham,Aiyah ok wat as long as got improve can already wat...
spam,Want explicit SEX in 30 secs? Ring 02073162414 now! Costs 20p/min Gsex POBOX 2667 WC1N 3XX
ham,I can't believe how attached I am to seeing you every day. I know you will do the best you can to get to me babe. I will go to teach my class at your midnight
ham,Just sleeping..and surfing
spam,ASKED 3MOBILE IF 0870 CHATLINES INCLU IN FREE MINS. INDIA CUST SERVs SED YES. L8ER GOT MEGA BILL. 3 DONT GIV A SHIT. BAILIFF DUE IN DAYS. I O �250 3 WANT �800
ham,Yeah it's jus rite...
ham,Armand says get your ass over to epsilon
ham,U still havent got urself a jacket ah?
ham,"I'm taking derek &amp; taylor to walmart, if I'm not back by the time you're done just leave the mouse on my desk and I'll text you when priscilla's ready"
ham,Hi its in durban are you still on this number
ham,Ic. There are a lotta childporn cars then.
spam,"Had your contract mobile 11 Mnths? Latest Motorola, Nokia etc. all FREE! Double Mins & Text on Orange tariffs. TEXT YES for callback, no to remove from records."
ham,"No, I was trying it all weekend ;V"
ham,"You know, wot people wear. T shirts, jumpers, hat, belt, is all we know. We r at Cribbs"
ham,"Cool, what time you think you can get here?"
ham,Wen did you get so spiritual and deep. That's great
ham,Have a safe trip to Nigeria. Wish you happiness and very soon company to share moments with
ham,Hahaha..use your brain dear
ham,Well keep in mind I've only got enough gas for one more round trip barring a sudden influx of cash
ham,Yeh. Indians was nice. Tho it did kane me off a bit he he. We shud go out 4 a drink sometime soon. Mite hav 2 go 2 da works 4 a laugh soon. Love Pete x x
ham,Yes i have. So that's why u texted. Pshew...missing you so much
ham,No. I meant the calculation is the same. That  &lt
ham,"Sorry, I'll call later"
ham,if you aren't here in the next  &lt
ham,Anything lor. Juz both of us lor.
ham,Get me out of this dump heap. My mom decided to come to lowes. BORING.
ham,Ok lor... Sony ericsson salesman... I ask shuhui then she say quite gd 2 use so i considering...
ham,Ard 6 like dat lor.
ham,Why don't you wait 'til at least wednesday to see if you get your .
ham,Huh y lei...
spam,"REMINDER FROM O2: To get 2.50 pounds free call credit and details of great offers pls reply 2 this text with your valid name, house no and postcode"
spam,"This is the 2nd time we have tried 2 contact u. U have won the �750 Pound prize. 2 claim is easy, call 087187272008 NOW1! Only 10p per minute. BT-national-rate."
ham,Will �_ b going to esplanade fr home?
ham,"Pity, * was in mood for that. So...any other suggestions?"
ham,The guy did some bitching but I acted like i'd be interested in buying something else next week and he gave it to us for free
ham,Rofl. Its true to its name
